particles,iterations,objective,architecture,cost_fn,inertia,c1,c2,batch_size,seed
10,10,max_accuracy,tanh:8;relu:4;sigmoid:2;softmax:2,cross-entropy,0.9670298390136767,0.7793829217937525,0.19768507460025309,,4
10,10,min_cost,tanh:8;relu:4;sigmoid:2;softmax:2,cross-entropy,0.9670298390136767,0.7793829217937525,0.19768507460025309,,4
10,100,max_accuracy,tanh:8;relu:4;sigmoid:2;softmax:2,cross-entropy,0.9670298390136767,0.7793829217937525,0.19768507460025309,,4
10,100,min_cost,tanh:8;relu:4;sigmoid:2;softmax:2,cross-entropy,0.9670298390136767,0.7793829217937525,0.19768507460025309,,4
10,200,max_accuracy,tanh:8;relu:4;sigmoid:2;softmax:2,cross-entropy,0.9670298390136767,0.7793829217937525,0.19768507460025309,,4
10,200,min_cost,tanh:8;relu:4;sigmoid:2;softmax:2,cross-entropy,0.9670298390136767,0.7793829217937525,0.19768507460025309,,4
10,300,max_accuracy,tanh:8;relu:4;sigmoid:2;softmax:2,cross-entropy,0.9670298390136767,0.7793829217937525,0.19768507460025309,,4
10,300,min_cost,tanh:8;relu:4;sigmoid:2;softmax:2,cross-entropy,0.9670298390136767,0.7793829217937525,0.19768507460025309,,4
